from,to,minutes
1,2,3.6
1,31,0.8
2,1,7.9
2,3,2.9
2,32,1.4
3,2,6.1
3,4,8.4
3,33,2.7
4,3,7.9
4,5,0.7
4,34,2.5
5,4,3.3
5,6,8.0
6,5,4.0
6,7,8.7
6,36,0.5
7,6,0.9
7,8,8.7
7,37,4.1
8,7,5.2
8,38,3.8
9,10,2.0
9,39,6.7
10,9,8.9
10,11,7.8
10,40,6.0
11,10,8.0
11,12,9.0
11,41,7.8
12,11,5.2
12,13,5.8
13,12,8.8
13,14,5.8
13,43,5.6
14,13,6.1
14,15,6.7
14,44,8.0
15,14,4.6
15,16,8.1
16,15,1.9
16,17,1.1
16,46,6.5
17,16,8.3
17,18,5.4
17,47,1.1
18,17,3.6
18,19,0.9
18,48,0.8
19,18,4.5
19,20,3.1
19,49,4.2
20,19,1.5
20,21,9.0
20,50,3.3
21,20,2.2
21,22,6.1
21,51,8.0
22,21,4.9
22,23,8.4
23,22,1.4
23,24,8.6
23,53,4.0
24,23,4.0
24,25,6.0
24,54,7.9
25,24,1.9
25,55,5.0
26,27,4.9
26,56,2.4
27,26,7.8
27,28,1.8
27,57,5.9
28,27,7.3
28,29,3.9
28,58,3.8
29,28,2.8
29,30,4.4
29,59,5.9
30,29,2.2
30,60,8.8
31,1,1.0
31,32,7.2
31,61,7.1
32,2,2.7
32,31,4.2
32,33,3.1
33,3,4.1
33,32,8.5
33,34,1.2
33,63,6.3
34,4,2.7
34,33,6.9
34,35,7.7
34,64,5.8
35,34,8.5
35,36,5.3
35,65,3.1
36,6,5.0
36,35,2.8
36,37,2.0
36,66,3.6
37,7,4.4
37,36,6.1
37,38,4.8
37,67,3.9
38,8,8.4
38,37,3.1
38,39,6.9
39,9,7.1
39,38,8.4
39,40,5.9
39,69,8.9
40,10,7.8
40,39,5.4
40,70,1.0
41,11,8.0
41,42,5.7
41,71,1.0
42,41,7.7
42,43,2.0
42,72,1.4
43,13,7.7
43,42,8.8
43,44,8.9
43,73,6.4
44,14,2.9
44,43,6.0
44,45,2.3
44,74,3.0
45,44,0.5
45,46,2.4
45,75,5.3
46,16,7.1
46,45,5.7
46,47,2.7
46,76,3.8
47,17,4.8
47,46,8.1
47,48,2.6
48,18,5.1
48,47,0.5
48,49,1.2
49,19,8.8
49,48,3.0
49,79,5.6
50,20,0.5
50,51,4.2
50,80,4.1
51,21,2.9
51,50,4.5
51,52,8.7
52,51,1.6
52,53,2.0
52,82,5.3
53,23,7.6
53,52,2.2
53,54,3.4
53,83,0.5
54,24,6.5
54,53,5.8
54,55,5.8
54,84,1.2
55,25,1.3
55,54,3.3
55,56,8.6
56,26,1.8
56,55,6.2
56,57,6.4
57,27,3.7
57,56,3.2
57,58,4.2
58,28,2.7
58,57,1.8
58,59,1.6
58,88,5.4
59,29,1.4
59,58,6.7
59,60,8.2
59,89,6.6
60,30,5.9
60,59,1.1
60,90,8.6
61,31,3.7
61,62,3.1
61,91,4.7
62,61,5.8
62,63,8.3
63,33,2.1
63,62,2.0
63,64,7.0
64,34,5.6
64,63,3.9
64,94,4.2
65,35,3.2
65,66,4.9
65,95,2.7
66,36,7.5
66,65,8.1
67,37,2.5
67,97,2.7
68,69,5.3
68,98,1.5
69,39,3.7
69,68,7.1
70,40,1.6
70,100,9.0
71,41,1.2
71,101,1.3
72,42,5.3
72,102,4.2
73,43,8.8
73,74,3.7
73,103,4.5
74,44,1.2
74,73,2.9
74,75,0.6
74,104,6.5
75,45,5.1
75,74,6.4
75,76,3.4
75,105,4.9
76,46,5.8
76,75,3.6
76,77,1.7
76,106,4.9
77,76,2.7
77,78,2.0
77,107,5.8
78,77,7.7
78,79,4.6
78,108,6.7
79,49,4.2
79,78,4.3
79,80,6.8
80,50,8.9
80,79,3.9
80,81,4.3
80,110,1.9
81,80,1.1
81,82,8.2
81,111,6.1
82,52,1.6
82,81,2.9
83,53,8.2
83,84,0.8
83,113,7.2
84,54,3.9
84,83,8.3
84,85,7.2
84,114,4.0
85,84,3.3
85,86,5.1
85,115,4.5
86,85,7.9
86,87,4.0
86,116,7.0
87,86,8.8
87,88,5.4
87,117,9.0
88,58,1.1
88,87,1.8
88,89,1.4
88,118,2.9
89,59,3.6
89,88,0.8
89,90,5.4
89,119,7.4
90,60,8.3
90,89,3.8
90,120,4.9
91,61,2.7
91,92,7.2
92,91,4.1
92,93,2.6
92,122,4.1
93,92,4.8
93,94,4.3
93,123,2.2
94,64,5.2
94,93,8.9
94,95,7.9
95,65,5.4
95,94,7.8
95,96,2.5
95,125,0.8
96,95,0.5
96,97,8.7
96,126,8.1
97,67,3.0
97,96,3.7
97,98,6.0
97,127,4.4
98,68,5.3
98,97,4.6
98,128,2.5
99,100,1.0
99,129,6.4
100,70,6.1
100,99,8.7
100,130,3.9
101,71,4.4
101,102,6.7
102,72,4.3
102,101,1.7
102,103,9.0
102,132,3.0
103,73,1.5
103,102,7.0
103,104,5.1
103,133,3.2
104,74,2.1
104,103,0.5
104,105,5.2
104,134,8.5
105,75,8.1
105,104,8.2
105,106,6.8
106,76,4.4
106,105,0.9
106,107,7.5
106,136,1.1
107,77,1.0
107,106,0.6
107,137,3.8
108,78,3.3
108,109,8.1
108,138,2.8
109,108,1.4
109,139,6.1
110,80,8.0
110,111,2.6
111,81,2.3
111,110,8.2
111,112,5.9
111,141,1.5
112,111,7.8
112,113,1.8
112,142,2.2
113,83,5.0
113,112,0.7
113,114,5.7
113,143,6.1
114,84,7.8
114,113,3.1
114,115,7.3
115,85,4.5
115,114,0.9
115,116,8.0
115,145,2.0
116,86,4.8
116,115,8.5
116,117,3.6
116,146,1.9
117,87,2.4
117,116,5.8
117,118,3.4
117,147,7.9
118,88,3.4
118,117,4.2
118,148,3.4
119,89,6.2
119,120,1.8
119,149,6.2
120,90,1.8
120,119,5.6
120,150,2.5
121,122,5.9
122,92,8.4
122,121,3.4
122,123,4.6
123,93,1.4
123,122,4.0
123,124,8.9
123,153,2.2
124,123,4.9
124,125,1.7
124,154,1.3
125,95,6.9
125,124,5.4
125,126,1.3
125,155,0.5
126,96,6.9
126,125,5.8
127,97,7.7
127,157,7.5
128,98,2.0
128,129,5.9
128,158,2.6
129,99,1.8
129,128,2.5
129,130,8.6
129,159,4.9
130,100,8.8
130,129,8.9
130,131,4.0
131,130,8.3
131,132,4.4
131,161,5.8
132,102,3.5
132,131,8.2
132,162,9.0
133,103,3.8
133,163,6.3
134,104,2.0
134,135,3.1
134,164,7.8
135,134,7.6
135,136,5.6
135,165,8.2
136,106,0.6
136,135,2.5
136,137,2.3
136,166,3.8
137,107,3.9
137,136,5.4
138,108,8.4
138,139,2.6
138,168,8.8
139,109,2.3
139,138,8.0
139,140,6.0
139,169,8.8
140,139,8.9
140,170,3.2
141,111,4.2
141,142,5.3
141,171,1.1
142,112,2.0
142,141,0.5
142,143,7.9
142,172,3.9
143,113,3.8
143,142,5.9
143,144,1.5
143,173,7.6
144,143,3.4
144,145,2.5
145,115,1.4
145,144,2.3
145,146,6.1
145,175,4.0
146,116,6.3
146,145,5.3
146,147,4.5
146,176,6.5
147,117,4.7
147,146,2.2
147,148,6.1
147,177,3.9
148,118,6.6
148,147,2.9
148,149,4.2
148,178,4.5
149,119,1.8
149,148,3.3
149,150,0.9
149,179,6.6
150,120,7.8
150,149,0.5
151,152,3.2
151,181,0.7
152,151,2.9
152,153,3.7
152,182,2.4
153,123,6.1
153,152,2.7
153,154,3.9
153,183,8.7
154,124,7.9
154,153,3.1
154,155,6.5
155,125,2.7
155,154,5.6
155,156,5.3
155,185,1.0
156,155,0.7
156,186,2.8
157,127,8.7
157,187,8.8
158,128,1.1
158,159,0.6
158,188,5.4
159,129,8.8
159,158,7.4
159,160,1.1
159,189,8.7
160,159,8.9
160,161,8.2
160,190,4.8
161,131,1.7
161,160,3.8
162,132,6.2
162,163,7.2
163,133,2.5
163,162,5.0
163,164,6.5
163,193,5.4
164,134,8.1
164,163,7.0
164,165,6.0
164,194,3.2
165,135,3.4
165,164,6.4
165,166,6.9
165,195,2.7
166,136,1.5
166,165,4.7
166,167,6.5
167,166,2.4
167,168,0.7
167,197,7.8
168,138,5.4
168,167,7.2
168,198,6.2
169,139,7.6
169,170,7.8
169,199,1.5
170,140,4.5
170,169,8.3
170,171,3.3
171,141,8.0
171,170,7.9
171,172,3.5
172,142,0.7
172,171,2.9
172,173,6.6
173,143,3.7
173,172,7.3
173,174,8.0
174,173,1.7
174,175,3.6
174,204,4.5
175,145,3.6
175,174,4.7
175,176,7.7
175,205,2.7
176,146,6.2
176,175,6.8
176,177,2.0
176,206,5.1
177,147,5.0
177,176,8.8
177,178,5.3
177,207,4.5
178,148,8.6
178,177,5.1
178,179,3.2
178,208,4.7
179,149,4.2
179,178,7.0
179,180,4.3
179,209,3.7
180,179,6.8
180,210,3.0
181,151,8.3
181,182,4.2
181,211,7.6
182,152,4.4
182,181,4.2
182,212,6.5
183,153,7.4
183,184,0.8
183,213,4.8
184,183,1.4
184,185,0.7
185,155,4.4
185,184,1.6
185,186,8.9
186,156,0.8
186,185,1.4
186,216,4.7
187,157,2.9
187,188,8.6
188,158,7.7
188,187,1.9
188,218,5.3
189,159,3.0
189,190,8.4
189,219,8.2
190,160,1.8
190,189,3.1
190,191,3.7
190,220,2.6
191,190,7.6
191,192,4.4
191,221,1.3
192,191,2.5
192,193,4.5
192,222,5.8
193,163,4.1
193,192,7.7
193,194,8.4
194,164,2.2
194,193,1.8
194,195,0.9
194,224,5.2
195,165,8.7
195,194,5.1
195,196,2.4
195,225,5.1
196,195,0.7
196,197,4.4
196,226,0.6
197,167,3.4
197,196,8.7
197,198,7.8
197,227,5.7
198,168,7.4
198,197,3.3
198,199,4.2
198,228,8.6
199,169,2.5
199,198,1.6
199,200,7.7
199,229,3.3
200,199,3.8
200,201,2.4
200,230,3.0
201,200,4.4
201,202,5.4
202,201,4.6
202,203,6.1
202,232,5.3
203,202,8.2
203,204,8.8
203,233,1.7
204,174,5.1
204,203,7.1
204,205,8.2
204,234,4.3
205,175,2.6
205,204,2.6
205,206,5.5
205,235,5.3
206,176,6.8
206,205,8.7
206,207,7.6
206,236,6.3
207,177,2.9
207,206,4.7
208,178,8.4
208,209,7.7
208,238,1.0
209,179,6.5
209,208,8.8
209,239,3.0
210,180,6.6
210,240,1.3
211,181,1.6
211,212,4.4
211,241,6.6
212,182,7.2
212,211,0.7
212,213,7.6
213,183,3.8
213,212,5.4
213,214,7.7
213,243,9.0
214,213,8.3
214,215,1.2
214,244,6.3
215,214,7.7
215,216,5.9
215,245,3.6
216,186,3.1
216,215,3.8
216,217,8.5
216,246,4.9
217,216,2.5
217,218,5.8
217,247,5.5
218,188,0.6
218,217,5.1
218,248,5.1
219,189,1.8
219,220,8.0
219,249,2.5
220,190,4.8
220,219,2.9
220,221,5.7
221,191,2.6
221,220,1.1
221,222,3.7
221,251,6.8
222,192,0.5
222,221,6.6
222,223,6.4
222,252,7.2
223,222,5.3
223,224,0.5
223,253,0.5
224,194,2.9
224,223,5.5
225,195,2.3
225,226,3.3
225,255,3.0
226,196,3.9
226,225,8.2
226,227,3.0
227,197,6.0
227,226,5.6
227,228,8.3
227,257,8.1
228,198,6.7
228,227,5.0
228,229,0.9
228,258,8.6
229,199,4.3
229,228,4.9
229,230,2.2
230,200,5.3
230,229,9.0
230,231,6.8
230,260,2.4
231,230,1.6
231,232,4.5
231,261,6.0
232,202,6.0
232,231,1.7
232,262,7.9
233,203,8.5
233,263,6.4
234,204,3.7
234,235,8.3
234,264,7.8
235,205,5.1
235,234,7.7
235,265,3.7
236,206,8.4
236,266,3.3
237,238,3.6
237,267,1.0
238,208,2.3
238,237,4.0
238,239,8.8
238,268,6.7
239,209,4.6
239,238,4.3
239,240,7.6
239,269,6.8
240,210,3.8
240,239,5.8
240,270,3.0
241,211,5.2
241,242,5.7
241,271,4.2
242,241,6.4
242,243,2.8
242,272,1.9
243,213,1.5
243,242,5.1
243,244,8.9
243,273,3.6
244,214,8.9
244,243,5.7
244,245,5.1
244,274,3.7
245,215,6.5
245,244,2.9
245,246,7.8
245,275,2.4
246,216,2.0
246,245,3.5
246,247,7.1
246,276,3.0
247,217,3.6
247,246,7.0
247,248,1.4
247,277,2.6
248,218,7.2
248,247,5.1
248,278,1.9
249,219,7.4
249,250,5.3
250,249,4.1
250,251,5.9
251,221,5.4
251,250,8.8
251,281,2.9
252,222,7.6
252,253,1.2
252,282,5.1
253,223,0.8
253,252,5.2
253,254,7.5
253,283,5.0
254,253,0.7
254,255,3.3
254,284,7.3
255,225,0.5
255,254,5.7
255,256,6.6
255,285,4.4
256,255,6.9
256,257,3.1
256,286,0.7
257,227,8.1
257,256,5.0
257,258,6.2
257,287,2.5
258,228,7.0
258,257,0.6
258,259,6.1
258,288,7.6
259,258,5.8
259,260,3.9
259,289,8.5
260,230,3.9
260,259,1.9
261,231,5.9
261,291,1.2
262,232,3.2
262,263,3.1
262,292,7.3
263,233,5.9
263,262,2.7
264,234,6.9
264,265,7.0
264,294,3.3
265,235,2.1
265,264,0.7
265,266,3.8
265,295,2.1
266,236,5.5
266,265,3.3
267,237,7.7
267,268,7.5
267,297,7.3
268,238,1.7
268,267,7.5
268,269,8.4
268,298,2.2
269,239,5.9
269,268,1.4
269,270,4.5
270,240,2.4
270,269,3.7
271,241,1.3
271,272,1.1
272,242,7.2
272,271,4.1
272,273,0.6
272,302,5.8
273,243,7.2
273,272,6.4
273,274,7.5
273,303,8.6
274,244,0.9
274,273,7.6
274,275,1.6
274,304,8.7
275,245,8.6
275,274,8.3
275,276,9.0
275,305,6.9
276,246,7.7
276,275,2.5
276,306,5.0
277,247,6.9
277,278,2.1
277,307,8.4
278,248,1.1
278,277,4.2
278,279,5.7
279,278,1.4
279,280,5.6
279,309,4.9
280,279,6.2
280,281,5.1
280,310,4.8
281,251,5.3
281,280,0.7
281,282,3.5
282,252,4.5
282,281,7.9
282,283,0.6
282,312,5.2
283,253,6.4
283,282,8.5
283,284,3.5
284,254,2.4
284,283,2.7
284,285,5.9
284,314,6.0
285,255,5.0
285,284,4.5
285,286,6.2
285,315,6.8
286,256,5.4
286,285,7.4
286,287,1.3
286,316,3.3
287,257,2.0
287,286,1.6
287,288,4.6
287,317,2.4
288,258,6.3
288,287,2.1
288,289,8.5
288,318,2.8
289,259,3.9
289,288,1.9
289,290,1.6
290,289,7.6
290,291,3.2
290,320,7.3
291,261,1.6
291,290,2.9
291,292,4.3
292,262,6.6
292,291,1.4
292,293,8.4
292,322,3.4
293,292,0.9
293,294,0.9
293,323,2.8
294,264,1.3
294,293,6.3
294,295,5.1
295,265,3.6
295,294,1.5
295,296,1.9
295,325,2.4
296,295,8.1
296,297,1.7
296,326,4.0
297,267,4.0
297,296,1.1
297,298,6.9
297,327,1.7
298,268,5.5
298,297,3.5
298,299,2.9
298,328,4.7
299,298,4.7
299,300,4.7
300,299,5.8
300,330,8.3
301,302,6.0
301,331,7.0
302,272,1.0
302,301,4.2
303,273,0.7
303,304,8.2
303,333,7.1
304,274,6.2
304,303,7.7
304,305,4.7
304,334,1.4
305,275,6.5
305,304,0.9
305,306,1.8
305,335,2.5
306,276,7.7
306,305,2.1
306,307,7.2
306,336,3.0
307,277,5.5
307,306,0.9
307,337,0.8
308,309,3.5
308,338,8.6
309,279,8.1
309,308,8.9
309,310,7.6
309,339,2.5
310,280,5.9
310,309,2.1
310,311,3.0
311,310,3.3
311,312,3.3
311,341,4.6
312,282,3.5
312,311,4.1
312,342,8.5
313,314,4.5
313,343,2.5
314,284,1.9
314,313,6.5
314,315,2.0
314,344,6.5
315,285,2.4
315,314,8.4
315,316,5.5
316,286,1.4
316,315,0.7
316,317,3.6
316,346,3.0
317,287,0.5
317,316,8.2
317,318,1.8
317,347,2.0
318,288,6.7
318,317,8.2
318,319,5.3
318,348,6.5
319,318,1.5
319,320,8.9
319,349,6.3
320,290,8.3
320,319,0.7
320,321,7.2
321,320,2.7
321,322,5.7
322,292,7.6
322,321,1.2
322,323,2.0
323,293,3.4
323,322,6.2
323,324,6.1
323,353,2.2
324,323,7.5
324,325,2.7
324,354,7.0
325,295,6.7
325,324,1.9
325,326,3.1
326,296,7.9
326,325,1.0
326,327,0.8
326,356,8.5
327,297,1.0
327,326,5.4
327,357,6.0
328,298,4.7
328,329,6.0
328,358,4.4
329,328,7.0
329,330,7.0
329,359,0.5
330,300,6.3
330,329,8.6
330,360,6.8
331,301,4.2
331,332,4.5
331,361,2.0
332,331,2.9
332,333,0.8
332,362,5.8
333,303,5.9
333,332,6.6
333,334,0.6
333,363,7.0
334,304,2.6
334,333,7.8
334,335,1.1
334,364,7.3
335,305,2.3
335,334,5.5
335,365,9.0
336,306,8.0
336,366,0.9
337,307,5.3
337,338,3.5
337,367,6.4
338,308,0.6
338,337,6.5
338,339,7.4
338,368,7.1
339,309,3.6
339,338,0.7
339,340,0.8
339,369,7.4
340,339,8.8
340,341,1.4
340,370,1.7
341,311,3.3
341,340,0.9
341,342,8.1
341,371,7.2
342,312,0.6
342,341,7.1
342,343,4.5
343,313,0.8
343,342,4.6
343,344,2.0
343,373,1.8
344,314,4.3
344,343,1.4
344,345,5.7
344,374,1.3
345,344,4.1
345,346,4.8
345,375,4.4
346,316,7.2
346,345,4.5
346,347,4.9
347,317,4.2
347,346,3.4
347,377,4.7
348,318,0.5
348,349,4.8
348,378,7.0
349,319,6.5
349,348,5.0
349,350,4.8
349,379,0.5
350,349,2.3
350,351,2.9
350,380,2.5
351,350,7.2
351,352,1.0
351,381,4.9
352,351,4.3
352,353,5.6
352,382,7.7
353,323,1.4
353,352,1.9
353,354,2.6
353,383,7.6
354,324,8.4
354,353,8.4
354,355,4.9
354,384,3.0
355,354,2.5
355,356,5.6
355,385,8.6
356,326,2.9
356,355,4.9
356,357,8.7
356,386,7.7
357,327,0.8
357,356,1.9
357,358,8.4
357,387,3.9
358,328,6.5
358,357,6.3
358,359,2.6
358,388,0.8
359,329,7.2
359,358,8.9
359,360,3.0
359,389,1.0
360,330,7.2
360,359,7.3
360,390,8.3
361,331,0.8
361,391,3.2
362,332,5.1
362,363,5.4
362,392,0.6
363,333,4.7
363,362,8.6
363,364,2.9
363,393,1.5
364,334,1.2
364,363,8.0
364,365,7.4
364,394,3.7
365,335,3.1
365,364,8.9
365,366,0.6
365,395,8.0
366,336,3.7
366,365,7.5
366,367,3.2
366,396,2.5
367,337,2.4
367,366,4.3
367,368,5.2
367,397,2.0
368,338,3.7
368,367,3.8
368,369,2.7
368,398,1.7
369,339,4.0
369,368,1.8
369,370,7.3
369,399,2.1
370,340,2.3
370,369,5.4
370,371,5.2
370,400,7.2
371,341,6.8
371,370,3.2
371,372,4.0
372,371,6.9
372,373,7.7
372,402,5.6
373,343,3.2
373,372,7.3
373,374,4.0
373,403,3.7
374,344,5.4
374,373,8.9
374,404,8.9
375,345,1.6
375,376,4.4
375,405,0.9
376,375,6.7
376,377,5.9
376,406,0.6
377,347,2.5
377,376,7.7
377,407,6.8
378,348,7.6
378,408,2.8
379,349,7.7
379,380,6.7
379,409,5.8
380,350,2.8
380,379,3.1
380,381,4.0
381,351,4.5
381,380,3.5
381,382,2.2
381,411,4.5
382,352,5.0
382,381,4.6
382,383,8.0
382,412,3.4
383,353,8.9
383,382,5.0
383,384,6.0
383,413,8.1
384,354,4.2
384,383,1.4
384,385,6.0
384,414,8.1
385,355,9.0
385,384,5.4
385,386,2.5
385,415,2.6
386,356,5.1
386,385,4.0
386,387,2.8
387,357,6.6
387,386,4.6
387,388,2.6
387,417,5.8
388,358,4.5
388,387,3.8
388,389,2.1
388,418,7.4
389,359,5.0
389,388,6.8
389,419,4.1
390,360,5.6
390,420,1.2
391,361,8.1
391,392,5.5
391,421,1.9
392,362,7.9
392,391,8.7
392,393,7.5
392,422,1.2
393,363,5.2
393,392,7.5
393,394,8.0
393,423,7.2
394,364,5.3
394,393,5.9
394,395,4.9
394,424,4.7
395,365,7.1
395,394,2.5
395,396,8.7
395,425,2.6
396,366,3.5
396,395,6.0
396,397,4.0
397,367,7.6
397,396,7.5
397,398,8.1
397,427,6.3
398,368,0.8
398,397,2.9
398,399,4.2
398,428,7.8
399,369,2.7
399,398,8.0
399,429,3.9
400,370,7.3
400,401,2.5
400,430,2.2
401,400,8.7
401,402,8.9
402,372,0.8
402,401,5.2
402,403,4.9
402,432,0.7
403,373,8.1
403,402,2.1
403,404,3.8
403,433,2.0
404,374,0.5
404,403,7.0
404,405,4.0
404,434,3.0
405,375,6.8
405,404,1.0
405,406,8.0
405,435,2.2
406,376,2.5
406,405,3.7
406,407,1.2
406,436,4.3
407,377,7.7
407,406,1.3
407,408,4.7
407,437,5.7
408,378,5.4
408,407,1.9
408,409,7.8
408,438,6.0
409,379,1.4
409,408,3.8
409,410,4.4
409,439,5.3
410,409,8.8
410,411,4.8
410,440,3.6
411,381,6.4
411,410,5.4
411,441,5.8
412,382,5.3
412,413,2.4
412,442,7.7
413,383,4.3
413,412,6.9
413,414,8.8
414,384,1.8
414,413,6.9
414,444,4.9
415,385,2.7
415,416,5.9
415,445,2.5
416,415,9.0
416,417,0.5
416,446,5.5
417,387,4.4
417,416,1.8
417,447,2.3
418,388,2.9
418,419,6.7
419,389,1.8
419,418,4.2
419,420,1.6
419,449,6.5
420,390,1.2
420,419,3.9
420,450,3.9
421,391,7.8
421,422,0.6
421,451,0.6
422,392,1.0
422,421,2.7
422,423,6.1
422,452,2.1
423,393,7.3
423,422,0.8
423,424,5.3
423,453,3.9
424,394,6.7
424,423,4.5
424,425,7.1
424,454,2.6
425,395,1.6
425,424,2.7
425,426,2.0
425,455,6.5
426,425,8.4
426,427,8.5
426,456,6.5
427,397,6.3
427,426,6.2
427,428,2.1
427,457,5.8
428,398,4.4
428,427,7.5
428,429,5.8
428,458,6.6
429,399,5.1
429,428,6.2
429,459,6.8
430,400,7.6
430,431,7.0
430,460,3.7
431,430,7.9
431,432,1.5
431,461,5.9
432,402,8.8
432,431,7.9
432,433,4.2
432,462,7.6
433,403,1.8
433,432,1.6
433,434,3.9
433,463,1.0
434,404,7.8
434,433,4.6
434,435,5.8
434,464,8.4
435,405,3.8
435,434,3.5
435,465,7.4
436,406,6.9
436,437,5.2
436,466,1.1
437,407,4.7
437,436,4.0
437,438,3.8
437,467,5.8
438,408,7.7
438,437,8.3
438,439,5.2
438,468,1.5
439,409,4.2
439,438,6.1
439,440,4.6
439,469,9.0
440,410,2.4
440,439,0.6
440,441,0.7
441,411,5.8
441,440,4.4
441,471,4.8
442,412,4.6
442,443,6.9
442,472,9.0
443,442,8.5
443,444,4.2
443,473,6.2
444,414,3.2
444,443,3.7
444,445,6.6
444,474,4.6
445,415,5.0
445,444,6.9
445,475,5.9
446,416,3.9
446,447,3.1
446,476,1.1
447,417,7.1
447,446,5.2
447,448,1.0
448,447,7.6
448,449,6.1
448,478,8.9
449,419,5.9
449,448,4.1
449,450,8.6
449,479,6.4
450,420,4.2
450,449,6.5
450,480,6.7
451,421,2.3
451,452,0.7
452,422,7.7
452,451,0.9
452,453,6.0
452,482,5.9
453,423,3.8
453,452,9.0
453,454,5.4
453,483,7.7
454,424,7.3
454,453,2.0
454,455,6.4
454,484,6.3
455,425,4.1
455,454,8.3
455,456,6.9
455,485,0.7
456,426,3.9
456,455,6.0
456,457,6.1
456,486,1.2
457,427,2.4
457,456,4.2
457,458,0.5
457,487,1.5
458,428,3.4
458,457,4.9
458,459,2.6
458,488,8.7
459,429,4.7
459,458,5.5
459,460,1.2
459,489,1.8
460,430,1.5
460,459,5.4
460,461,5.0
460,490,0.8
461,431,3.1
461,460,5.0
461,462,2.6
462,432,6.9
462,461,8.8
462,463,5.0
463,433,8.4
463,462,4.8
463,464,8.5
463,493,0.5
464,434,8.8
464,463,2.9
465,435,2.6
465,466,0.8
465,495,5.6
466,436,5.7
466,465,8.5
466,467,1.1
466,496,4.9
467,437,4.3
467,466,2.3
467,468,4.0
468,438,1.9
468,467,4.3
468,469,5.6
468,498,0.6
469,439,7.3
469,468,8.6
469,499,4.3
470,471,2.7
470,500,6.5
471,441,6.3
471,470,7.2
471,472,2.3
471,501,2.4
472,442,5.4
472,471,5.6
472,473,3.6
473,443,7.9
473,472,3.4
473,474,7.2
473,503,3.4
474,444,6.2
474,473,3.3
475,445,0.8
475,476,3.6
475,505,6.3
476,446,4.4
476,475,3.4
476,477,1.9
476,506,1.5
477,476,4.4
477,478,3.8
477,507,1.0
478,448,4.8
478,477,4.3
478,508,5.0
479,449,3.6
479,480,8.5
479,509,0.9
480,450,6.5
480,479,0.5
480,510,1.7
481,482,8.6
481,511,7.6
482,452,3.5
482,481,8.6
482,483,2.9
482,512,7.7
483,453,5.6
483,482,0.8
483,484,8.9
483,513,1.7
484,454,3.2
484,483,1.0
484,485,5.9
485,455,6.6
485,484,1.2
485,486,5.0
485,515,2.0
486,456,6.1
486,485,7.8
486,487,4.8
486,516,1.2
487,457,6.5
487,486,7.2
487,488,7.9
488,458,7.7
488,487,5.5
488,489,8.2
488,518,5.0
489,459,8.3
489,488,2.7
489,519,2.1
490,460,2.0
490,491,3.9
490,520,4.9
491,490,8.6
491,492,3.7
492,491,1.5
492,493,7.3
493,463,0.9
493,492,8.9
493,494,2.4
493,523,4.1
494,493,7.1
494,495,4.5
494,524,4.0
495,465,5.7
495,494,5.0
495,496,3.0
496,466,5.9
496,495,8.8
496,497,4.6
497,496,4.7
497,527,3.0
498,468,1.9
498,499,2.7
498,528,1.3
499,469,5.1
499,498,6.6
499,500,5.5
499,529,4.9
500,470,2.2
500,499,5.8
500,501,1.0
501,471,4.3
501,500,1.2
501,502,1.2
502,501,1.7
502,503,3.9
502,532,6.8
503,473,8.6
503,502,6.4
503,504,3.3
503,533,1.1
504,503,4.0
504,505,4.2
504,534,5.4
505,475,6.3
505,504,4.7
505,506,8.1
505,535,0.9
506,476,5.9
506,505,3.8
506,507,7.5
507,477,1.8
507,506,6.6
507,508,2.1
507,537,4.0
508,478,5.9
508,507,5.1
508,509,5.0
508,538,3.8
509,479,6.3
509,508,7.0
509,510,1.1
510,480,5.1
510,509,8.1
510,540,4.3
511,481,7.0
511,541,5.4
512,482,4.8
512,513,5.8
512,542,8.4
513,483,3.8
513,512,8.6
513,514,4.3
513,543,1.1
514,513,3.6
514,515,1.7
515,485,3.8
515,514,5.0
515,516,7.2
515,545,5.5
516,486,3.4
516,515,8.3
516,517,0.9
516,546,1.3
517,516,5.6
517,518,2.9
517,547,6.3
518,488,6.9
518,517,2.3
518,519,4.9
518,548,6.0
519,489,3.6
519,518,8.2
519,549,7.6
520,490,3.3
520,550,3.6
521,522,6.5
521,551,9.0
522,521,1.8
522,523,1.3
522,552,6.2
523,493,6.0
523,522,2.4
523,524,4.9
523,553,2.8
524,494,1.5
524,523,1.9
524,525,0.8
524,554,0.9
525,524,3.9
525,526,3.0
525,555,1.4
526,525,2.4
526,527,5.0
526,556,3.8
527,497,3.8
527,526,7.0
527,528,7.6
527,557,3.8
528,498,2.6
528,527,6.1
528,529,1.2
528,558,2.8
529,499,4.2
529,528,4.4
529,530,7.0
529,559,8.0
530,529,3.0
530,531,1.5
530,560,1.6
531,530,6.2
531,532,7.7
531,561,8.7
532,502,6.8
532,531,8.2
532,533,8.8
532,562,2.4
533,503,5.6
533,532,7.0
533,534,6.0
533,563,0.9
534,504,9.0
534,533,3.1
534,535,2.4
534,564,2.5
535,505,2.3
535,534,4.3
535,536,4.0
535,565,0.5
536,535,5.6
536,537,5.1
536,566,3.5
537,507,3.2
537,536,3.1
537,567,7.6
538,508,5.2
538,539,5.1
538,568,3.6
539,538,6.1
539,569,2.3
540,510,3.5
540,570,2.0
541,511,1.3
541,542,3.8
541,571,8.6
542,512,0.7
542,541,3.8
542,543,0.7
542,572,3.4
543,513,2.0
543,542,8.0
543,544,8.0
543,573,4.7
544,543,6.1
544,545,2.7
544,574,8.2
545,515,7.2
545,544,2.6
545,546,1.7
545,575,1.3
546,516,7.2
546,545,1.9
546,547,6.0
547,517,3.4
547,546,3.6
547,548,6.4
547,577,5.8
548,518,2.4
548,547,2.7
548,578,3.2
549,519,4.3
549,550,7.9
549,579,6.1
550,520,3.2
550,549,4.1
550,551,2.5
550,580,3.3
551,521,6.2
551,550,6.0
551,581,2.6
552,522,3.5
552,553,5.7
552,582,7.1
553,523,2.0
553,552,8.5
553,554,1.0
553,583,3.7
554,524,3.4
554,553,5.3
554,555,4.0
554,584,3.1
555,525,7.6
555,554,6.6
555,585,6.5
556,526,3.2
556,557,4.1
556,586,1.1
557,527,5.8
557,556,6.9
557,558,4.5
557,587,5.6
558,528,5.1
558,557,1.8
558,559,6.3
559,529,5.3
559,558,3.5
559,560,1.1
559,589,4.9
560,530,8.6
560,559,7.1
560,561,7.4
560,590,6.6
561,531,0.6
561,560,4.1
561,562,6.1
562,532,7.7
562,561,1.4
562,563,3.6
562,592,3.4
563,533,3.0
563,562,5.0
563,564,8.3
563,593,8.8
564,534,4.9
564,563,8.6
564,565,1.0
565,535,9.0
565,564,5.5
566,536,3.2
566,567,8.8
566,596,4.6
567,537,2.4
567,566,5.7
567,568,3.9
567,597,6.9
568,538,4.0
568,567,1.2
569,539,1.6
569,570,4.5
569,599,5.6
570,540,1.6
570,569,8.4
570,600,1.3
571,541,4.5
571,572,0.8
571,601,3.4
572,542,7.5
572,571,1.9
572,573,2.9
572,602,6.5
573,543,5.3
573,572,7.8
573,574,7.2
573,603,7.9
574,544,4.4
574,573,4.6
574,575,8.1
574,604,7.1
575,545,0.6
575,574,1.5
575,576,5.9
575,605,8.3
576,575,4.0
576,577,6.9
576,606,8.0
577,547,1.7
577,576,7.9
577,578,7.8
577,607,2.3
578,548,6.8
578,577,2.1
578,579,1.0
578,608,8.7
579,549,2.3
579,578,4.3
579,609,7.4
580,550,2.3
580,581,3.0
580,610,5.5
581,551,3.7
581,580,8.4
581,611,2.0
582,552,6.7
582,612,2.4
583,553,6.0
583,584,8.8
583,613,2.3
584,554,6.6
584,583,2.7
584,585,7.8
585,555,1.7
585,584,4.1
585,586,5.4
585,615,7.5
586,556,1.5
586,585,5.4
586,587,8.6
586,616,7.3
587,557,2.9
587,586,5.1
587,588,1.9
587,617,8.3
588,587,4.7
588,589,5.0
588,618,2.2
589,559,3.3
589,588,6.9
589,619,1.5
590,560,6.1
590,591,3.7
590,620,0.7
591,590,2.3
591,592,4.0
591,621,3.3
592,562,5.9
592,591,1.4
592,593,4.1
592,622,5.5
593,563,3.2
593,592,8.8
593,594,0.5
593,623,0.6
594,593,7.1
594,595,4.8
594,624,8.0
595,594,1.9
595,596,8.0
595,625,7.7
596,566,6.0
596,595,5.7
596,597,4.9
596,626,0.6
597,567,8.6
597,596,2.7
597,598,6.9
597,627,5.2
598,597,6.4
598,599,7.7
598,628,8.0
599,569,8.1
599,598,1.0
600,570,6.4
600,630,4.9
601,571,7.1
601,631,8.2
602,572,5.6
602,632,7.7
603,573,1.8
603,604,1.9
603,633,8.9
604,574,5.1
604,603,0.7
604,605,8.0
604,634,2.3
605,575,6.2
605,604,6.9
605,606,8.4
605,635,4.6
606,576,8.4
606,605,6.4
606,607,3.6
606,636,3.2
607,577,1.0
607,606,2.7
607,608,0.6
608,578,7.5
608,607,5.4
608,638,5.2
609,579,1.7
609,610,4.8
609,639,6.7
610,580,8.9
610,609,1.7
610,611,1.6
610,640,4.2
611,581,6.8
611,610,3.7
611,612,8.0
612,582,5.9
612,611,3.8
613,583,2.4
613,643,3.3
614,615,4.3
614,644,8.8
615,585,3.2
615,614,1.8
615,616,5.4
615,645,6.6
616,586,0.5
616,615,1.4
616,617,4.1
616,646,7.7
617,587,1.5
617,616,6.2
617,618,8.7
617,647,7.6
618,588,4.3
618,617,5.3
618,619,1.7
618,648,2.1
619,589,1.9
619,618,3.1
619,620,3.0
619,649,3.9
620,590,2.7
620,619,1.8
620,621,5.2
620,650,5.6
621,591,2.2
621,620,2.0
621,651,2.3
622,592,3.5
622,652,6.8
623,593,9.0
623,653,8.1
624,594,1.4
624,654,2.7
625,595,5.4
625,626,2.2
625,655,6.7
626,596,3.6
626,625,5.9
626,656,2.8
627,597,5.1
627,628,4.8
627,657,1.9
628,598,0.9
628,627,4.6
628,629,2.8
628,658,6.8
629,628,2.3
629,630,4.1
630,600,2.3
630,629,1.0
631,601,2.2
631,632,1.2
631,661,3.7
632,602,3.6
632,631,2.6
632,633,7.8
632,662,8.5
633,603,0.9
633,632,8.7
633,634,5.5
633,663,9.0
634,604,8.6
634,633,4.9
634,664,2.0
635,605,0.8
635,636,3.8
635,665,5.7
636,606,3.2
636,635,3.9
636,637,7.3
636,666,0.5
637,636,7.3
637,638,4.2
638,608,3.7
638,637,0.9
638,668,4.6
639,609,6.5
639,640,3.6
640,610,1.6
640,639,7.7
640,641,8.9
640,670,7.6
641,640,2.5
641,642,6.4
641,671,7.4
642,641,8.9
642,672,6.1
643,613,3.3
643,644,6.1
643,673,5.9
644,614,2.8
644,643,4.4
644,645,7.0
644,674,7.7
645,615,8.9
645,644,1.6
645,646,8.7
645,675,3.0
646,616,8.7
646,645,8.2
646,647,8.4
647,617,6.5
647,646,8.4
647,648,2.2
647,677,7.5
648,618,1.0
648,647,7.6
648,649,8.3
648,678,7.2
649,619,3.9
649,648,5.8
649,650,7.1
649,679,7.7
650,620,3.8
650,649,5.9
650,651,5.8
651,621,5.6
651,650,5.0
651,652,1.5
652,622,2.7
652,651,8.5
652,653,2.7
652,682,4.2
653,623,5.7
653,652,5.5
653,654,4.8
653,683,3.4
654,624,2.6
654,653,3.4
654,655,4.8
654,684,5.4
655,625,1.5
655,654,5.4
655,656,5.9
655,685,5.2
656,626,7.8
656,655,3.7
656,657,6.9
657,627,8.8
657,656,2.2
657,658,2.6
657,687,6.2
658,628,6.5
658,657,8.4
658,659,5.8
658,688,3.3
659,658,8.9
659,660,2.5
659,689,7.5
660,659,4.4
660,690,1.0
661,631,2.5
661,662,8.4
661,691,3.9
662,632,8.5
662,661,1.9
662,663,7.3
662,692,6.1
663,633,7.0
663,662,1.3
663,693,1.6
664,634,4.0
664,665,3.3
664,694,0.6
665,635,2.6
665,664,5.1
665,666,7.6
665,695,1.1
666,636,6.8
666,665,5.4
667,697,1.1
668,638,7.5
668,669,6.3
668,698,3.8
669,668,7.0
669,670,7.7
669,699,0.6
670,640,0.9
670,669,5.0
670,671,8.0
670,700,3.3
671,641,4.2
671,670,4.6
671,672,3.7
671,701,2.7
672,642,3.8
672,671,3.5
672,673,5.0
672,702,1.2
673,643,1.9
673,672,1.3
673,674,6.7
673,703,8.3
674,644,6.7
674,673,8.0
674,704,2.9
675,645,8.5
675,676,3.4
675,705,6.6
676,675,2.6
676,677,7.3
676,706,4.2
677,647,2.0
677,676,3.4
677,678,3.5
677,707,1.7
678,648,2.4
678,677,8.5
678,679,4.5
679,649,8.6
679,678,7.6
679,680,2.7
680,679,4.9
680,681,6.8
680,710,9.0
681,680,6.6
681,682,1.4
681,711,5.6
682,652,3.9
682,681,0.8
682,683,8.3
682,712,1.9
683,653,5.7
683,682,7.1
683,684,6.3
683,713,6.7
684,654,4.3
684,683,2.1
684,714,4.5
685,655,4.1
685,686,6.8
685,715,6.6
686,685,1.3
686,687,7.2
687,657,2.4
687,686,5.3
687,688,8.9
687,717,7.0
688,658,5.2
688,687,6.4
688,718,4.9
689,659,5.1
689,719,3.2
690,660,2.9
691,661,7.7
691,692,2.6
691,721,4.2
692,662,4.2
692,691,1.3
692,693,0.9
692,722,5.1
693,663,6.7
693,692,2.4
693,694,8.3
693,723,9.0
694,664,6.3
694,693,8.4
694,695,5.8
694,724,1.1
695,665,0.5
695,694,8.2
696,697,1.4
696,726,0.6
697,667,3.8
697,696,4.9
697,698,3.3
697,727,6.7
698,668,2.8
698,697,7.9
698,699,0.5
699,669,4.0
699,698,6.6
699,700,8.8
699,729,6.4
700,670,8.4
700,699,4.7
700,701,8.9
700,730,6.7
701,671,3.9
701,700,5.3
702,672,1.2
702,703,7.1
702,732,6.4
703,673,2.1
703,702,7.8
703,704,3.1
703,733,3.8
704,674,2.4
704,703,6.0
704,705,5.1
705,675,4.9
705,704,6.1
705,706,4.7
705,735,7.7
706,676,6.6
706,705,2.3
706,707,9.0
706,736,5.8
707,677,1.2
707,706,5.7
707,708,3.5
707,737,7.9
708,707,8.3
708,738,2.5
709,710,1.1
709,739,8.4
710,680,9.0
710,709,6.1
710,740,1.2
711,681,3.8
711,741,7.9
712,682,6.5
712,713,4.5
712,742,3.9
713,683,6.2
713,712,1.0
713,714,6.2
713,743,1.5
714,684,5.1
714,713,8.8
714,715,7.5
714,744,5.1
715,685,8.6
715,714,4.0
715,745,8.2
716,717,1.0
716,746,1.6
717,687,8.1
717,716,3.1
717,718,0.8
717,747,8.6
718,688,3.5
718,717,2.8
718,719,5.4
719,689,0.7
719,718,8.3
719,720,7.7
719,749,8.4
720,719,3.9
720,750,0.5
721,691,3.6
721,722,4.7
721,751,3.5
722,692,2.7
722,721,8.4
722,723,4.1
722,752,4.7
723,693,7.5
723,722,6.4
723,724,7.4
723,753,0.9
724,694,5.4
724,723,1.1
724,725,2.4
724,754,6.0
725,724,6.1
725,755,8.7
726,696,1.6
726,727,4.6
726,756,6.3
727,697,4.1
727,726,2.5
727,728,8.9
727,757,1.3
728,727,7.7
728,729,1.3
728,758,7.2
729,699,3.8
729,728,3.5
729,759,2.7
730,700,9.0
730,731,0.6
730,760,7.1
731,730,2.8
731,732,3.9
731,761,8.3
732,702,1.7
732,731,3.7
732,733,8.5
732,762,3.7
733,703,6.8
733,732,1.6
733,734,2.9
733,763,3.3
734,733,8.4
734,735,5.1
734,764,5.6
735,705,4.2
735,734,1.7
735,736,1.8
735,765,6.8
736,706,4.3
736,735,8.3
736,737,1.9
736,766,8.5
737,707,1.5
737,736,1.3
737,767,5.3
738,708,8.0
738,768,8.1
739,709,0.7
739,740,5.9
739,769,1.8
740,710,5.6
740,739,4.9
740,741,3.5
740,770,2.4
741,711,6.0
741,740,0.8
741,742,2.3
741,771,6.7
742,712,2.8
742,741,7.0
742,743,8.6
742,772,8.2
743,713,7.5
743,742,5.4
743,773,1.7
744,714,6.1
744,774,2.2
745,715,2.9
745,746,2.4
745,775,2.4
746,716,2.0
746,745,7.8
746,747,2.7
746,776,7.5
747,717,6.4
747,746,7.7
747,748,5.5
747,777,3.0
748,747,3.1
748,749,4.9
748,778,6.3
749,719,8.4
749,748,4.4
749,750,5.4
749,779,3.0
750,720,6.3
750,749,2.1
750,780,8.8
751,721,7.7
751,752,7.3
751,781,0.8
752,722,5.3
752,751,7.9
752,753,8.5
752,782,5.4
753,723,4.3
753,752,1.2
753,754,2.3
753,783,8.2
754,724,2.5
754,753,8.9
754,784,1.0
755,725,5.1
755,756,1.5
755,785,3.1
756,726,4.3
756,755,5.3
756,786,2.1
757,727,1.0
757,758,8.9
758,728,5.6
758,757,5.0
758,759,4.8
758,788,7.2
759,729,6.6
759,758,3.8
759,760,5.1
759,789,8.9
760,730,4.6
760,759,3.2
760,790,2.0
761,731,7.4
761,762,4.7
761,791,5.5
762,732,1.4
762,761,1.1
762,763,7.2
762,792,3.6
763,733,5.3
763,762,7.6
763,764,6.0
763,793,4.3
764,734,6.1
764,763,2.4
764,765,7.7
765,735,8.3
765,764,7.1
765,766,4.0
765,795,2.3
766,736,3.1
766,765,3.3
766,767,4.5
766,796,5.1
767,737,8.7
767,766,1.9
767,768,2.1
767,797,5.9
768,738,5.5
768,767,8.0
768,769,8.5
769,739,1.2
769,768,4.6
769,770,8.3
769,799,2.8
770,740,4.6
770,769,8.7
770,800,6.2
771,741,4.5
771,772,5.2
771,801,6.8
772,742,7.0
772,771,6.1
772,773,4.8
772,802,6.4
773,743,0.9
773,772,1.8
773,774,3.2
773,803,2.3
774,744,2.1
774,773,2.3
774,775,3.7
774,804,7.0
775,745,8.8
775,774,1.9
775,776,5.2
775,805,7.4
776,746,3.2
776,775,8.8
776,777,1.9
777,747,5.1
777,776,3.5
777,778,0.7
777,807,7.4
778,748,1.2
778,777,9.0
778,779,1.2
778,808,8.4
779,749,3.6
779,778,6.5
779,809,0.7
780,750,8.6
780,810,6.1
781,751,2.2
781,782,8.0
781,811,2.8
782,752,1.1
782,781,5.0
782,812,0.9
783,753,5.7
783,784,1.6
784,754,8.2
784,783,2.6
784,785,4.1
784,814,8.0
785,755,5.3
785,784,0.5
785,786,5.4
785,815,3.6
786,756,9.0
786,785,3.3
786,787,8.1
786,816,3.6
787,786,1.8
787,788,0.9
787,817,5.7
788,758,8.9
788,787,4.1
788,789,5.2
788,818,7.3
789,759,4.7
789,788,3.9
789,790,2.2
789,819,0.7
790,760,2.3
790,789,5.9
790,791,3.4
790,820,8.5
791,761,1.0
791,790,5.2
791,792,6.0
791,821,3.7
792,762,4.7
792,791,5.5
792,822,9.0
793,763,4.0
793,794,5.0
793,823,2.8
794,793,8.3
794,795,2.3
794,824,2.9
795,765,5.7
795,794,0.6
795,796,6.2
795,825,7.9
796,766,3.3
796,795,2.9
796,797,2.5
796,826,4.0
797,767,1.3
797,796,2.2
797,798,4.1
797,827,5.2
798,797,7.4
798,828,2.7
799,769,6.2
799,800,3.9
800,770,6.8
800,799,8.7
800,801,8.9
800,830,3.5
801,771,7.0
801,800,4.7
801,802,0.6
801,831,0.9
802,772,1.8
802,801,6.5
802,803,8.8
802,832,7.3
803,773,1.4
803,802,7.6
803,833,4.4
804,774,8.4
804,834,4.6
805,775,8.6
805,806,3.0
805,835,7.2
806,805,4.2
806,807,2.2
806,836,6.9
807,777,8.8
807,806,8.7
807,808,0.6
807,837,3.8
808,778,5.0
808,807,7.4
808,809,2.3
808,838,8.8
809,779,7.2
809,808,1.1
809,839,8.3
810,780,7.7
810,840,2.5
811,781,6.3
811,812,2.1
811,841,0.9
812,782,2.2
812,811,6.2
812,813,6.0
812,842,8.3
813,812,5.4
813,814,8.5
813,843,0.9
814,784,7.4
814,813,7.5
814,844,8.4
815,785,5.3
815,816,1.9
815,845,3.9
816,786,6.1
816,815,5.0
816,817,0.8
816,846,7.7
817,787,6.3
817,816,7.6
817,818,0.5
818,788,7.4
818,817,8.1
818,819,5.9
818,848,7.9
819,789,7.0
819,818,5.9
819,820,7.0
820,790,4.5
820,819,5.7
820,821,6.5
820,850,5.8
821,791,8.2
821,820,6.2
821,822,7.0
821,851,3.9
822,792,5.1
822,821,3.4
822,823,2.1
822,852,3.9
823,793,1.8
823,822,5.8
823,824,6.3
823,853,5.9
824,794,6.9
824,823,3.4
824,854,4.0
825,795,3.5
825,826,6.9
825,855,9.0
826,796,8.2
826,825,4.0
826,827,5.2
827,797,5.3
827,826,5.9
827,828,6.0
827,857,5.8
828,798,6.4
828,827,5.4
828,829,5.5
828,858,0.7
829,828,2.2
829,830,3.0
829,859,1.2
830,800,2.4
830,829,4.3
830,831,1.9
830,860,3.0
831,801,4.6
831,830,1.5
831,861,7.8
832,802,2.0
832,833,7.4
832,862,1.7
833,803,3.8
833,832,1.6
833,834,6.2
833,863,0.8
834,804,2.9
834,833,4.9
834,835,0.5
834,864,1.6
835,805,1.2
835,834,8.5
835,836,7.9
835,865,1.4
836,806,2.9
836,835,3.7
836,837,6.1
836,866,0.7
837,807,8.9
837,836,7.1
837,838,2.2
838,808,6.5
838,837,4.2
838,839,8.5
838,868,5.2
839,809,3.9
839,838,3.7
839,869,0.8
840,810,4.2
840,870,6.5
841,811,4.5
841,871,7.8
842,812,2.4
842,843,6.6
842,872,1.2
843,813,0.7
843,842,6.4
843,844,2.3
843,873,3.2
844,814,0.7
844,843,6.3
844,845,0.9
844,874,0.6
845,815,8.9
845,844,1.6
845,875,3.1
846,816,2.4
846,847,4.4
846,876,8.9
847,846,1.4
847,848,1.6
847,877,1.5
848,818,7.5
848,847,4.7
848,878,7.4
849,850,3.3
849,879,8.1
850,820,3.3
850,849,4.9
850,880,2.8
851,821,1.7
851,852,2.1
851,881,4.0
852,822,0.7
852,851,7.1
852,853,4.2
852,882,3.1
853,823,3.4
853,852,4.4
853,854,3.0
853,883,4.0
854,824,3.0
854,853,7.3
854,855,3.7
854,884,6.8
855,825,3.8
855,854,4.1
855,856,3.9
856,855,2.6
856,857,4.8
856,886,5.6
857,827,6.5
857,856,6.4
857,858,6.8
857,887,2.5
858,828,7.6
858,857,3.4
858,888,4.3
859,829,6.4
859,860,0.6
859,889,2.9
860,830,1.4
860,859,7.9
860,861,2.1
860,890,8.7
861,831,4.1
861,860,1.0
861,862,3.7
861,891,4.9
862,832,1.7
862,861,7.9
862,863,2.7
863,833,5.3
863,862,3.4
863,864,1.6
863,893,7.0
864,834,6.6
864,863,6.9
864,865,2.5
864,894,8.4
865,835,1.0
865,864,7.8
865,866,8.6
865,895,3.9
866,836,7.0
866,865,7.9
866,896,5.5
867,868,6.4
867,897,3.5
868,838,4.7
868,867,1.9
868,869,1.3
868,898,7.1
869,839,5.2
869,868,4.2
869,899,1.7
870,840,8.2
870,900,5.1
871,841,1.0
871,872,3.0
872,842,4.5
872,871,9.0
872,873,6.2
873,843,7.3
873,872,6.1
873,874,6.1
874,844,7.4
874,873,3.7
874,875,7.4
875,845,5.7
875,874,6.6
875,876,7.3
876,846,7.3
876,875,6.0
876,877,5.7
877,847,2.8
877,876,4.9
877,878,6.9
878,848,1.2
878,877,3.9
878,879,4.2
879,849,6.7
879,878,6.9
879,880,5.2
880,850,8.5
880,879,1.6
880,881,4.1
881,851,4.9
881,880,1.6
881,882,7.1
882,852,3.3
882,881,5.6
882,883,5.2
883,853,4.6
883,882,6.5
883,884,7.4
884,854,6.1
884,883,7.0
884,885,4.6
885,884,6.8
885,886,3.0
886,856,2.1
886,885,2.6
886,887,4.1
887,857,5.3
887,886,8.6
887,888,7.2
888,858,0.6
888,887,6.8
888,889,2.9
889,859,5.8
889,888,6.8
889,890,8.1
890,860,2.0
890,889,1.8
890,891,3.3
891,861,4.0
891,890,5.5
891,892,4.2
892,891,2.0
892,893,5.9
893,863,2.7
893,892,8.1
893,894,6.4
894,864,5.1
894,893,0.5
894,895,2.2
895,865,2.5
895,894,1.0
895,896,4.6
896,866,4.1
896,895,3.3
896,897,8.5
897,867,8.2
897,896,7.3
897,898,2.3
898,868,3.7
898,897,1.2
899,869,3.0
899,900,4.3
900,870,4.4
900,899,6.3
